customer_id,age,region,loyalty_tier
C000000,65,Midwest,None
C000001,37,Canada,None
C000002,45,South,None
C000003,57,Canada,None
C000004,72,Midwest,Silver
C000005,49,South,None
C000006,66,Midwest,Gold
C000007,24,Canada,Silver
C000008,68,South,Silver
C000009,29,Northeast,Gold
C000010,61,Midwest,Gold
C000011,48,Northeast,Gold
C000012,52,South,None
C000013,23,South,None
C000014,48,Canada,Silver
C000015,22,Northeast,Silver
C000016,49,Midwest,Silver
C000017,41,West,Silver
C000018,29,Midwest,None
C000019,45,Canada,None
C000020,30,Midwest,Silver
C000021,22,Midwest,Silver
C000022,19,Canada,Gold
C000023,37,Midwest,Silver
C000024,60,Midwest,None
C000025,50,Midwest,None
C000026,25,Canada,None
C000027,43,Midwest,None
C000028,51,South,Silver
C000029,31,Northeast,Silver
C000030,25,Northeast,Gold
C000031,32,Northeast,Silver
C000032,21,Midwest,None
C000033,31,South,Silver
C000034,48,West,None
C000035,63,Canada,None
C000036,67,Northeast,None
C000037,56,South,None
C000038,38,West,None
C000039,71,Northeast,Silver
C000040,70,South,Silver
C000041,38,Midwest,None
C000042,18,South,Silver
C000043,42,Canada,None
C000044,44,Midwest,Silver
C000045,56,Canada,Silver
C000046,26,Midwest,None
C000047,49,West,Silver
C000048,35,West,None
C000049,46,West,None
C000050,19,Canada,None
C000051,48,Midwest,None
C000052,20,Canada,None
C000053,66,West,None
C000054,58,South,None
C000055,70,Northeast,None
C000056,55,West,Silver
C000057,73,Northeast,Silver
C000058,29,Canada,Gold
C000059,18,West,Silver
C000060,69,Canada,Gold
C000061,55,Midwest,Silver
C000062,57,Northeast,Silver
C000063,34,West,Silver
C000064,37,West,Gold
C000065,56,Midwest,Silver
C000066,41,West,Gold
C000067,22,South,None
C000068,34,South,Platinum
C000069,39,Northeast,None
C000070,65,Midwest,None
C000071,37,Midwest,None
C000072,46,West,Silver
C000073,52,South,None
C000074,25,West,None
C000075,51,Canada,None
C000076,29,Midwest,Silver
C000077,68,West,None
C000078,34,South,Silver
C000079,35,South,Silver
C000080,40,Midwest,Silver
C000081,38,South,Silver
C000082,51,West,None
C000083,59,Canada,Platinum
C000084,72,South,Gold
C000085,68,West,None
C000086,32,Canada,None
C000087,52,Canada,Silver
C000088,36,Northeast,Gold
C000089,63,South,Gold
C000090,19,Midwest,Gold
C000091,74,South,Platinum
C000092,39,West,Silver
C000093,60,West,None
C000094,56,West,None
C000095,38,Northeast,None
C000096,72,Canada,None
C000097,33,West,None
C000098,60,Canada,None
C000099,70,West,Silver
C000100,24,West,None
C000101,70,Canada,Gold
C000102,68,West,Gold
C000103,39,South,None
C000104,65,Northeast,None
C000105,18,Canada,None
C000106,28,South,Gold
C000107,60,South,Silver
C000108,71,Northeast,None
C000109,25,Canada,Silver
C000110,58,Midwest,Gold
C000111,23,West,None
C000112,62,Northeast,Silver
C000113,69,Northeast,None
C000114,44,South,None
C000115,23,West,Gold
C000116,29,Canada,None
C000117,46,West,Gold
C000118,63,Northeast,Silver
C000119,47,Canada,None
C000120,45,South,Silver
C000121,52,Midwest,None
C000122,73,Canada,None
C000123,62,South,None
C000124,26,Northeast,Gold
C000125,29,Midwest,Gold
C000126,38,Canada,None
C000127,33,South,None
C000128,59,South,Platinum
C000129,74,Northeast,Silver
C000130,50,Midwest,None
C000131,68,Northeast,None
C000132,42,South,None
C000133,57,West,None
C000134,57,West,Silver
C000135,34,Midwest,Silver
C000136,59,Northeast,Silver
C000137,48,South,None
C000138,50,Midwest,Silver
C000139,32,Midwest,Silver
C000140,36,South,Silver
C000141,66,South,None
C000142,53,Canada,None
C000143,25,Northeast,None
C000144,49,Midwest,None
C000145,53,Northeast,Silver
C000146,63,West,Silver
C000147,66,Midwest,None
C000148,55,Northeast,Silver
C000149,18,Midwest,Silver
C000150,46,Canada,Silver
C000151,29,Northeast,Silver
C000152,19,West,Gold
C000153,70,West,Silver
C000154,27,Canada,None
C000155,32,South,Gold
C000156,37,Northeast,None
C000157,44,South,Silver
C000158,52,Northeast,Platinum
C000159,35,South,None
C000160,63,West,None
C000161,26,South,None
C000162,72,Midwest,Platinum
C000163,66,South,None
C000164,52,West,Silver
C000165,20,Midwest,None
C000166,59,Canada,None
C000167,58,Canada,None
C000168,53,Midwest,Gold
C000169,33,Canada,None
C000170,42,Northeast,Gold
C000171,41,South,Silver
C000172,52,South,Gold
C000173,36,West,None
C000174,40,West,Silver
C000175,69,Midwest,None
C000176,43,South,None
C000177,51,South,Silver
C000178,69,South,None
C000179,71,South,Platinum
C000180,50,Canada,None
C000181,33,Canada,None
C000182,23,Midwest,Silver
C000183,67,Northeast,None
C000184,47,West,None
C000185,50,Northeast,Platinum
C000186,72,Midwest,None
C000187,39,Canada,Silver
C000188,23,Midwest,None
C000189,56,Canada,None
C000190,73,Midwest,None
C000191,27,Midwest,Gold
C000192,74,Northeast,Silver
C000193,48,South,None
C000194,49,West,None
C000195,72,Midwest,Gold
C000196,36,Canada,None
C000197,60,West,Silver
C000198,18,Canada,None
C000199,56,Canada,None
C000200,18,Northeast,None
C000201,18,West,None
C000202,40,Canada,Silver
C000203,39,Midwest,None
C000204,62,South,Gold
C000205,68,Canada,None
C000206,71,Northeast,None
C000207,53,South,None
C000208,26,Canada,None
C000209,56,Midwest,None
C000210,45,Canada,None
C000211,48,South,None
C000212,46,South,None
C000213,68,Northeast,None
C000214,39,South,None
C000215,72,Canada,None
C000216,48,West,None
C000217,57,Northeast,None
C000218,70,Midwest,None
C000219,64,Canada,None
C000220,42,South,Platinum
C000221,29,Canada,None
C000222,25,Midwest,None
C000223,38,Midwest,Gold
C000224,55,West,None
C000225,63,Canada,None
C000226,19,South,Gold
C000227,44,South,Silver
C000228,71,Canada,Silver
C000229,64,Canada,None
C000230,71,Canada,None
C000231,72,Midwest,None
C000232,23,Northeast,Silver
C000233,56,Midwest,None
C000234,49,Midwest,Silver
C000235,45,Canada,Gold
C000236,63,Northeast,Platinum
C000237,71,Canada,None
C000238,44,South,Silver
C000239,54,Northeast,Silver
C000240,45,West,Silver
C000241,54,Northeast,Gold
C000242,73,Canada,Silver
C000243,64,South,Silver
C000244,31,South,None
C000245,67,Midwest,Silver
C000246,47,Midwest,Silver
C000247,51,Northeast,Silver
C000248,24,South,Silver
C000249,43,Northeast,None
C000250,35,West,None
C000251,23,Canada,Platinum
C000252,66,Northeast,None
C000253,25,Canada,Silver
C000254,58,Northeast,Silver
C000255,60,Midwest,None
C000256,52,Midwest,None
C000257,65,Northeast,Silver
C000258,24,Canada,Silver
C000259,18,Canada,None
C000260,66,West,Gold
C000261,28,West,Silver
C000262,34,South,None
C000263,57,West,None
C000264,48,Northeast,None
C000265,29,South,None
C000266,31,West,None
C000267,65,Midwest,None
C000268,47,South,Platinum
C000269,70,Midwest,Silver
C000270,50,Canada,Gold
C000271,55,South,Silver
C000272,37,Canada,Silver
C000273,19,Canada,Gold
C000274,46,South,None
C000275,59,Midwest,Silver
C000276,41,Midwest,Gold
C000277,67,South,Gold
C000278,57,Northeast,None
C000279,46,Midwest,Gold
C000280,49,West,Silver
C000281,30,Midwest,None
C000282,68,Canada,None
C000283,21,Midwest,None
C000284,20,Midwest,None
C000285,62,Midwest,None
C000286,19,West,None
C000287,47,South,Gold
C000288,28,West,Gold
C000289,56,Canada,Gold
C000290,24,Northeast,Silver
C000291,33,West,Gold
C000292,47,South,None
C000293,39,Northeast,None
C000294,29,Midwest,None
C000295,21,West,None
C000296,18,Canada,Silver
C000297,28,Northeast,None
C000298,34,Midwest,Platinum
C000299,24,Midwest,None
C000300,47,Canada,None
C000301,68,Midwest,None
C000302,58,Northeast,None
C000303,35,Canada,Platinum
C000304,42,Northeast,Silver
C000305,61,South,None
C000306,72,West,Silver
C000307,49,Northeast,None
C000308,29,Northeast,None
C000309,67,Canada,None
C000310,47,Canada,None
C000311,19,South,Silver
C000312,32,Canada,Gold
C000313,48,Canada,None
C000314,63,West,Silver
C000315,66,South,Silver
C000316,28,Midwest,None
C000317,59,Northeast,None
C000318,72,Midwest,None
C000319,63,Northeast,None
C000320,58,South,None
C000321,63,West,None
C000322,49,Northeast,None
C000323,52,South,Silver
C000324,48,West,None
C000325,72,Midwest,Gold
C000326,38,Northeast,None
C000327,62,Northeast,None
C000328,19,Canada,Silver
C000329,41,Midwest,Silver
C000330,70,Midwest,Gold
C000331,31,South,None
C000332,63,South,None
C000333,46,Northeast,Silver
C000334,25,Canada,Silver
C000335,24,South,Silver
C000336,24,West,Silver
C000337,44,West,None
C000338,35,Northeast,Silver
C000339,68,West,Silver
C000340,61,West,Silver
C000341,26,West,None
C000342,46,South,Gold
C000343,61,West,Silver
C000344,55,Midwest,None
C000345,18,Midwest,None
C000346,18,Northeast,Silver
C000347,51,Northeast,Gold
C000348,70,Northeast,None
C000349,20,South,Gold
C000350,27,South,None
C000351,28,Northeast,None
C000352,36,South,Silver
C000353,68,Canada,None
C000354,71,Northeast,None
C000355,35,Northeast,Silver
C000356,59,South,None
C000357,18,West,None
C000358,47,West,None
C000359,53,Midwest,None
C000360,67,Northeast,None
C000361,64,Midwest,None
C000362,21,West,Gold
C000363,41,Canada,Silver
C000364,22,South,Silver
C000365,18,West,None
C000366,26,South,None
C000367,71,Midwest,Gold
C000368,33,Midwest,Silver
C000369,60,South,Gold
C000370,58,West,None
C000371,67,Midwest,Silver
C000372,48,Midwest,Silver
C000373,73,South,None
C000374,42,West,Gold
C000375,62,Canada,None
C000376,62,West,None
C000377,48,Northeast,None
C000378,36,Midwest,Silver
C000379,27,West,Silver
C000380,22,Midwest,None
C000381,46,Canada,Platinum
C000382,40,Northeast,None
C000383,29,Northeast,Gold
C000384,61,West,Silver
C000385,27,Midwest,Gold
C000386,45,Northeast,Silver
C000387,42,South,None
C000388,73,South,None
C000389,23,South,Gold
C000390,66,Midwest,Gold
C000391,57,Canada,Silver
C000392,63,South,Silver
C000393,62,Canada,None
C000394,62,Northeast,None
C000395,42,South,None
C000396,51,West,Silver
C000397,38,Northeast,Silver
C000398,69,Northeast,Silver
C000399,30,Northeast,Silver
C000400,51,Northeast,None
C000401,30,Midwest,None
C000402,39,South,None
C000403,72,Midwest,None
C000404,29,Northeast,Silver
C000405,68,South,Silver
C000406,64,Northeast,Gold
C000407,38,Canada,None
C000408,39,West,Gold
C000409,18,Northeast,Silver
C000410,63,West,None
C000411,55,Canada,Silver
C000412,74,Canada,Platinum
C000413,34,Midwest,None
C000414,40,Canada,Silver
C000415,57,West,None
C000416,37,Midwest,None
C000417,36,Midwest,None
C000418,27,West,None
C000419,74,West,Silver
C000420,45,Midwest,None
C000421,61,South,Silver
C000422,55,Midwest,Gold
C000423,52,Northeast,Gold
C000424,35,Midwest,None
C000425,35,Canada,None
C000426,45,Northeast,None
C000427,25,Canada,None
C000428,48,Northeast,None
C000429,23,Northeast,Silver
C000430,33,Northeast,Silver
C000431,54,West,None
C000432,19,West,None
C000433,20,Canada,Gold
C000434,30,Midwest,Gold
C000435,61,South,Silver
C000436,63,Canada,Silver
C000437,18,Northeast,Silver
C000438,33,West,None
C000439,21,Canada,Gold
C000440,18,South,None
C000441,71,Northeast,Silver
C000442,42,West,None
C000443,63,West,Silver
C000444,56,Northeast,Silver
C000445,43,Midwest,Silver
C000446,60,South,None
C000447,32,West,Silver
C000448,41,West,Silver
C000449,39,Midwest,Silver
C000450,50,Canada,None
C000451,29,South,Silver
C000452,60,Canada,Silver
C000453,65,Midwest,None
C000454,68,Northeast,Silver
C000455,68,Northeast,None
C000456,54,Northeast,Silver
C000457,63,Midwest,None
C000458,57,West,Gold
C000459,72,West,None
C000460,23,Canada,None
C000461,29,Northeast,None
C000462,41,Northeast,Gold
C000463,53,West,None
C000464,68,South,None
C000465,23,Canada,None
C000466,27,West,Silver
C000467,67,West,None
C000468,35,Midwest,Silver
C000469,18,Canada,None
C000470,56,Northeast,None
C000471,68,Canada,None
C000472,69,Canada,Silver
C000473,66,West,None
C000474,21,South,Platinum
C000475,25,South,None
C000476,67,Northeast,Silver
C000477,57,Midwest,None
C000478,30,West,None
C000479,40,Northeast,Gold
C000480,67,Midwest,Silver
C000481,70,South,Silver
C000482,68,Midwest,Silver
C000483,44,Northeast,None
C000484,62,Canada,Gold
C000485,20,Northeast,None
C000486,70,West,Gold
C000487,30,Midwest,Silver
C000488,72,Canada,None
C000489,18,South,Silver
C000490,70,Northeast,Platinum
C000491,48,Midwest,None
C000492,47,Canada,None
C000493,56,West,Silver
C000494,44,Canada,None
C000495,72,Midwest,None
C000496,23,South,Silver
C000497,55,South,Gold
C000498,30,Canada,Silver
C000499,20,South,Gold
C000500,55,Midwest,None
C000501,56,Midwest,None
C000502,25,South,None
C000503,59,Midwest,None
C000504,71,Northeast,Silver
C000505,57,Canada,None
C000506,30,West,None
C000507,22,South,Silver
C000508,23,Midwest,Silver
C000509,53,Northeast,Silver
C000510,31,Canada,Silver
C000511,39,Northeast,Platinum
C000512,20,Canada,Silver
C000513,43,Canada,Gold
C000514,27,Midwest,Platinum
C000515,42,Canada,Gold
C000516,51,Canada,None
C000517,72,Canada,Silver
C000518,34,South,None
C000519,36,Canada,None
C000520,63,South,Silver
C000521,72,Canada,None
C000522,41,Northeast,Silver
C000523,37,Midwest,Gold
C000524,58,Midwest,None
C000525,60,Canada,Gold
C000526,58,Midwest,Silver
C000527,54,Midwest,Gold
C000528,25,South,None
C000529,32,South,Gold
C000530,21,Midwest,None
C000531,40,Canada,Gold
C000532,65,Canada,None
C000533,30,South,None
C000534,57,Canada,None
C000535,41,Northeast,Silver
C000536,27,Midwest,Gold
C000537,30,Northeast,Silver
C000538,56,South,Silver
C000539,63,Northeast,None
C000540,36,Midwest,Platinum
C000541,70,South,None
C000542,21,South,Gold
C000543,50,Northeast,Silver
C000544,31,Midwest,None
C000545,68,South,None
C000546,61,Canada,Silver
C000547,21,Canada,Gold
C000548,40,Canada,Silver
C000549,60,West,Gold
C000550,49,South,Platinum
C000551,45,Northeast,None
C000552,25,West,Silver
C000553,50,West,Silver
C000554,23,Midwest,None
C000555,36,Canada,Silver
C000556,31,Canada,None
C000557,55,Canada,Silver
C000558,44,Canada,Silver
C000559,42,Northeast,Gold
C000560,66,Canada,Silver
C000561,40,Canada,Silver
C000562,61,South,None
C000563,68,Northeast,Gold
C000564,27,South,None
C000565,60,South,Silver
C000566,22,Northeast,Gold
C000567,54,West,None
C000568,30,South,None
C000569,32,Northeast,None
C000570,66,West,Silver
C000571,28,South,None
C000572,47,Canada,None
C000573,62,West,None
C000574,63,Northeast,None
C000575,29,Canada,None
C000576,39,Canada,Silver
C000577,50,Canada,Silver
C000578,51,Midwest,Silver
C000579,27,South,None
C000580,51,Northeast,Gold
C000581,18,South,Silver
C000582,53,South,Gold
C000583,59,South,Silver
C000584,44,South,None
C000585,31,Canada,Silver
C000586,31,South,None
C000587,57,Northeast,Platinum
C000588,42,South,Silver
C000589,70,South,None
C000590,73,Midwest,None
C000591,42,South,Silver
C000592,33,Northeast,None
C000593,64,West,None
C000594,59,Canada,Gold
C000595,27,Northeast,None
C000596,71,Canada,None
C000597,29,West,None
C000598,50,South,Silver
C000599,28,West,Silver
C000600,45,Northeast,Silver
C000601,53,South,Platinum
C000602,24,South,None
C000603,32,Northeast,None
C000604,60,West,None
C000605,72,West,None
C000606,69,Canada,None
C000607,60,West,None
C000608,73,Northeast,Gold
C000609,27,Canada,None
C000610,29,Northeast,Gold
C000611,41,Midwest,Gold
C000612,70,Northeast,Silver
C000613,63,West,Gold
C000614,39,South,Silver
C000615,18,Northeast,None
C000616,53,South,Silver
C000617,35,Midwest,None
C000618,30,South,None
C000619,30,Northeast,Gold
C000620,32,West,Silver
C000621,36,Northeast,None
C000622,53,Canada,Silver
C000623,27,Canada,Platinum
C000624,45,Midwest,None
C000625,70,Midwest,None
C000626,72,Northeast,None
C000627,65,Canada,Platinum
C000628,33,South,Silver
C000629,26,Northeast,None
C000630,68,Midwest,Silver
C000631,41,Northeast,Silver
C000632,44,Midwest,None
C000633,42,South,Gold
C000634,25,West,Silver
C000635,59,Midwest,None
C000636,31,South,Platinum
C000637,31,Northeast,None
C000638,61,Northeast,None
C000639,58,Midwest,None
C000640,65,Midwest,None
C000641,58,West,Silver
C000642,20,Midwest,None
C000643,41,Northeast,None
C000644,41,South,Platinum
C000645,36,South,None
C000646,46,West,None
C000647,46,South,None
C000648,53,West,Gold
C000649,72,West,None
C000650,55,West,None
C000651,71,Canada,Gold
C000652,65,Midwest,None
C000653,59,South,Gold
C000654,33,West,Silver
C000655,50,Canada,Gold
C000656,24,South,None
C000657,70,Northeast,Platinum
C000658,28,West,None
C000659,31,Midwest,None
C000660,71,Midwest,Silver
C000661,24,Canada,None
C000662,49,Midwest,None
C000663,50,Midwest,Silver
C000664,30,West,None
C000665,40,Canada,None
C000666,62,South,None
C000667,58,South,None
C000668,51,South,Silver
C000669,49,South,Silver
C000670,38,South,None
C000671,53,West,None
C000672,19,Midwest,None
C000673,22,Northeast,None
C000674,62,West,None
C000675,27,West,Silver
C000676,58,West,None
C000677,18,Midwest,Silver
C000678,32,Midwest,None
C000679,71,Midwest,None
C000680,33,Canada,None
C000681,74,West,None
C000682,33,Northeast,Silver
C000683,54,South,Silver
C000684,56,West,Platinum
C000685,54,Canada,None
C000686,34,South,None
C000687,61,West,Gold
C000688,35,Midwest,Silver
C000689,64,Canada,None
C000690,39,Canada,None
C000691,65,West,None
C000692,73,Northeast,None
C000693,61,Northeast,Silver
C000694,44,Canada,None
C000695,42,South,Platinum
C000696,39,South,Silver
C000697,38,South,Silver
C000698,44,South,None
C000699,45,Midwest,Silver
C000700,58,West,Gold
C000701,68,West,None
C000702,68,West,Silver
C000703,52,South,None
C000704,74,Northeast,None
C000705,68,Northeast,Gold
C000706,45,South,Silver
C000707,41,South,Silver
C000708,44,Northeast,None
C000709,19,Northeast,Gold
C000710,36,West,Silver
C000711,39,Northeast,None
C000712,62,West,Gold
C000713,32,Canada,None
C000714,55,Canada,None
C000715,36,West,Gold
C000716,38,West,None
C000717,21,Canada,None
C000718,47,Midwest,None
C000719,23,West,Gold
C000720,29,South,None
C000721,46,Midwest,None
C000722,57,Canada,None
C000723,41,Canada,None
C000724,32,South,None
C000725,69,Canada,Gold
C000726,37,Midwest,Silver
C000727,36,Midwest,Gold
C000728,21,Northeast,Silver
C000729,38,Northeast,None
C000730,30,Northeast,None
C000731,38,Canada,Silver
C000732,29,West,None
C000733,29,South,Silver
C000734,59,Midwest,None
C000735,45,South,Silver
C000736,57,West,None
C000737,50,Canada,None
C000738,48,Midwest,Platinum
C000739,44,West,None
C000740,40,Midwest,None
C000741,32,West,None
C000742,68,South,None
C000743,41,West,Silver
C000744,68,Northeast,Platinum
C000745,61,South,Gold
C000746,52,Canada,Silver
C000747,66,West,Silver
C000748,55,Canada,None
C000749,64,Northeast,Gold
C000750,63,West,Silver
C000751,54,Northeast,None
C000752,59,West,Platinum
C000753,64,South,Silver
C000754,30,Canada,None
C000755,67,Canada,Silver
C000756,46,Canada,None
C000757,24,South,None
C000758,26,West,None
C000759,60,Canada,Silver
C000760,64,Northeast,None
C000761,55,Canada,None
C000762,55,Canada,None
C000763,67,Northeast,None
C000764,73,South,Silver
C000765,65,Canada,None
C000766,25,South,None
C000767,63,Canada,None
C000768,47,West,None
C000769,63,South,None
C000770,59,Canada,Gold
C000771,56,Northeast,None
C000772,67,Midwest,None
C000773,26,Canada,None
C000774,66,Midwest,Silver
C000775,37,Canada,None
C000776,29,South,Silver
C000777,59,West,Silver
C000778,73,West,None
C000779,23,Midwest,None
C000780,73,Midwest,Platinum
C000781,37,Midwest,None
C000782,73,South,Silver
C000783,20,Midwest,Silver
C000784,52,South,None
C000785,48,South,Silver
C000786,65,Canada,None
C000787,44,Canada,None
C000788,22,Midwest,Silver
C000789,28,Northeast,Gold
C000790,32,West,None
C000791,67,West,Silver
C000792,23,West,None
C000793,65,Canada,Silver
C000794,46,Midwest,None
C000795,50,Canada,None
C000796,72,Northeast,Platinum
C000797,61,South,Silver
C000798,55,Midwest,None
C000799,64,South,Platinum
